timestamp,product_dropdown,description,product_name,benefits,key_message,gender,generation,psychotype,business_stage,industry,opf,chosen_approach,comment,model,prompt,final_prompt,sms,comment_sms,corrected_sms
1736922384.977319,премиальная СберБизнес Карта Supreme,Премиальная СберБизнес Карта Supreme для предпринимателей. Премиальная СберБизнес Карта Supreme предоставляет больше привилегий клиенту по сравнению со стандартной. Количество привилегий зависит от суммы покупок по карте.,премиальная СберБизнес Карта Supreme,"Повышенные лимиты на снятие наличных и переводы на карты без комиссии.

2 прохода в бизнес-залы.

Платёжные документы без комиссии.

Возможность вернуть до 100% бонусами СберБизнес Спасибо от суммы расходов на рестораны в аэропортах, оплату такси и проезда по платным дорогам.

Возможность получить скидку на обслуживание карты в следующем году.","Возможность вернуть до 100% от суммы расходов на рестораны в аэропортах, такси и платные дороги.",Мужской,X,,,Услуги,,Указание на пользу,SMS для данных параметров персонализации ОТСУТСТВУЕТ в базе,GigaChat-Pro (T=0.87),"Напиши три или четыре предложения суммарной длиной от 160 до 250 знаков с учетом пробелов. Начни SMS с указания на пользу продукта. Используй глагол в побудительном наклонении. Не начинай с вопроса. 
Напиши рекламное SMS для следующего продукта:
«Премиальная СберБизнес Карта Supreme для предпринимателей. Премиальная СберБизнес Карта Supreme предоставляет больше привилегий клиенту по сравнению со стандартной. Количество привилегий зависит от суммы покупок по карте.».
Не изменяй название продукта: «премиальная СберБизнес Карта Supreme».
Преимущества:
«Повышенные лимиты на снятие наличных и переводы на карты без комиссии.

2 прохода в бизнес-залы.

Платёжные документы без комиссии.

Возможность вернуть до 100% бонусами СберБизнес Спасибо от суммы расходов на рестораны в аэропортах, оплату такси и проезда по платным дорогам.

Возможность получить скидку на обслуживание карты в следующем году.».
ОБЯЗАТЕЛЬНО используй в SMS один или несколько терминов, касающиеся клиента, которому направляется SMS, из КАЖДОЙ группы:
1. контроль, управлять, экономия, стратегический, обеспечить.
2. надежность, стабильность, опыт.
3. репутация, персонал, рекомендация.
Убедись, что написал не меньше трех и не больше четырех предложений суммарной длиной от 160 до 250 знаков с учетом пробелов.
Убедись, что SMS начинается с указания на пользу продукта и использования глагола в побудительном наклонении и не начинается с вопроса.
Убедись, что УМЕСТНО использовал КАЖДЫЙ необходимый термин.
Убедись, что в SMS без изменений, синонимов и перестановок слов используется наименование продукта: «премиальная СберБизнес Карта Supreme».
Убедись, что в SMS есть следующая ключевая информация: «Возможность вернуть до 100% от суммы расходов на рестораны в аэропортах, такси и платные дороги.».","Напиши три или четыре предложения суммарной длиной от 160 до 250 знаков с учетом пробелов. Начни SMS с указания на пользу продукта. Используй глагол в побудительном наклонении. Не начинай с вопроса. Напиши рекламное SMS для следующего продукта:
«Премиальная СберБизнес Карта Supreme для предпринимателей. Премиальная СберБизнес Карта Supreme предоставляет больше привилегий клиенту по сравнению со стандартной. Количество привилегий зависит от суммы покупок по карте.».
Не изменяй название продукта: «премиальная СберБизнес Карта Supreme».
Преимущества:
«Повышенные лимиты на снятие наличных и переводы на карты без комиссии. 2 прохода в бизнес-залы. Платёжные документы без комиссии. Возможность вернуть до 100% бонусами СберБизнес Спасибо от суммы расходов на рестораны в аэропортах, оплату такси и проезда по платным дорогам. Возможность получить скидку на обслуживание карты в следующем году.».
ОБЯЗАТЕЛЬНО используй в SMS один или несколько терминов, касающиеся клиента, которому направляется SMS, из КАЖДОЙ группы:
1. контроль, управлять, экономия, стратегический, обеспечить.
2. надежность, стабильность, опыт.
3. репутация, персонал, рекомендация.
Убедись, что написал не меньше трех и не больше четырех предложений суммарной длиной от 160 до 250 знаков с учетом пробелов.
Убедись, что SMS начинается с указания на пользу продукта и использования глагола в побудительном наклонении и не начинается с вопроса.
Убедись, что УМЕСТНО использовал КАЖДЫЙ необходимый термин.
Убедись, что в SMS без изменений, синонимов и перестановок слов используется наименование продукта: «премиальная СберБизнес Карта Supreme».
Убедись, что в SMS есть следующая ключевая информация: «Возможность вернуть до 100% от суммы расходов на рестораны в аэропортах, такси и платные дороги.».","Пользуйтесь премиальной СберБизнес Картой Supreme и управляйте финансами эффективно! Больше привилегий, выше лимиты на снятие и переводы, платежи без комиссий, возврат до 100% на расходы в ресторанах, такси и на платных дорогах.

------
Количество знаков: 228",,
1736926343.0967834,премиальная СберБизнес Карта Supreme,Премиальная СберБизнес Карта Supreme для предпринимателей. Премиальная СберБизнес Карта Supreme предоставляет больше привилегий клиенту по сравнению со стандартной. Количество привилегий зависит от суммы покупок по карте.,премиальная СберБизнес Карта Supreme,"Повышенные лимиты на снятие наличных и переводы на карты без комиссии.

2 прохода в бизнес-залы.

Платёжные документы без комиссии.

Возможность вернуть до 100% бонусами СберБизнес Спасибо от суммы расходов на рестораны в аэропортах, оплату такси и проезда по платным дорогам.

Возможность получить скидку на обслуживание карты в следующем году.","Возможность вернуть до 100% от суммы расходов на рестораны в аэропортах, такси и платные дороги.",Мужской,X,,,Финансовая деятельность,Не выбрано,Указание на пользу,SMS для данных параметров персонализации ОТСУТСТВУЕТ в базе,GigaChat-Max (T=0.87),"Напиши три или четыре предложения суммарной длиной от 160 до 250 знаков с учетом пробелов. Начни SMS с указания на пользу продукта. Используй глагол в побудительном наклонении. Не начинай с вопроса. 
Напиши рекламное SMS для следующего продукта:
«Премиальная СберБизнес Карта Supreme для предпринимателей. Премиальная СберБизнес Карта Supreme предоставляет больше привилегий клиенту по сравнению со стандартной. Количество привилегий зависит от суммы покупок по карте.».
Не изменяй название продукта: «премиальная СберБизнес Карта Supreme».
Преимущества:
«Повышенные лимиты на снятие наличных и переводы на карты без комиссии.

2 прохода в бизнес-залы.

Платёжные документы без комиссии.

Возможность вернуть до 100% бонусами СберБизнес Спасибо от суммы расходов на рестораны в аэропортах, оплату такси и проезда по платным дорогам.

Возможность получить скидку на обслуживание карты в следующем году.».
ОБЯЗАТЕЛЬНО включи в SMS:
1. контроль, управлять, экономия, стратегический, обеспечить.
2. надежность, стабильность, опыт.
3. инвестиции, активы, консалтинг, рынок.
Убедись, что написал не меньше трех и не больше четырех предложений суммарной длиной от 160 до 250 знаков с учетом пробелов.
Убедись, что SMS начинается с указания на пользу продукта и использования глагола в побудительном наклонении и не начинается с вопроса.
Убедись, что в SMS без изменений, синонимов и перестановок слов используется наименование продукта: «премиальная СберБизнес Карта Supreme».
Убедись, что в SMS есть следующая ключевая информация: «Возможность вернуть до 100% от суммы расходов на рестораны в аэропортах, такси и платные дороги.».","Напиши три или четыре предложения суммарной длиной от 160 до 250 знаков с учетом пробелов. Начни SMS с указания на пользу продукта. Используй глагол в побудительном наклонении. Не начинай с вопроса. Напиши рекламное SMS для следующего продукта:
«Премиальная СберБизнес Карта Supreme для предпринимателей. Премиальная СберБизнес Карта Supreme предоставляет больше привилегий клиенту по сравнению со стандартной. Количество привилегий зависит от суммы покупок по карте.».
Не изменяй название продукта: «премиальная СберБизнес Карта Supreme».
Преимущества:
«Повышенные лимиты на снятие наличных и переводы на карты без комиссии. 2 прохода в бизнес-залы. Платёжные документы без комиссии. Возможность вернуть до 100% бонусами СберБизнес Спасибо от суммы расходов на рестораны в аэропортах, оплату такси и проезда по платным дорогам. Возможность получить скидку на обслуживание карты в следующем году.».
ОБЯЗАТЕЛЬНО включи в SMS:
1. контроль, управлять, экономия, стратегический, обеспечить.
2. надежность, стабильность, опыт.
3. инвестиции, активы, консалтинг, рынок.
Убедись, что написал не меньше трех и не больше четырех предложений суммарной длиной от 160 до 250 знаков с учетом пробелов.
Убедись, что SMS начинается с указания на пользу продукта и использования глагола в побудительном наклонении и не начинается с вопроса.
Убедись, что в SMS без изменений, синонимов и перестановок слов используется наименование продукта: «премиальная СберБизнес Карта Supreme».
Убедись, что в SMS есть следующая ключевая информация: «Возможность вернуть до 100% от суммы расходов на рестораны в аэропортах, такси и платные дороги.».","Премиальная СберБизнес Карта Supreme обеспечит вам повышенные лимиты на снятие наличных и переводы без комиссии, а также возможность вернуть до 100% бонусов за расходы на рестораны в аэропортах, такси и платные дороги.

------
Количество знаков: 218",,
1736927957.5303357,премиальная СберБизнес Карта Supreme,Премиальная СберБизнес Карта Supreme для предпринимателей. Премиальная СберБизнес Карта Supreme предоставляет больше привилегий клиенту по сравнению со стандартной. Количество привилегий зависит от суммы покупок по карте.,премиальная СберБизнес Карта Supreme,"Повышенные лимиты на снятие наличных и переводы на карты без комиссии.

2 прохода в бизнес-залы.

Платёжные документы без комиссии.

Возможность вернуть до 100% бонусами СберБизнес Спасибо от суммы расходов на рестораны в аэропортах, оплату такси и проезда по платным дорогам.

Возможность получить скидку на обслуживание карты в следующем году.","Возможность вернуть до 100% от суммы расходов на рестораны в аэропортах, такси и платные дороги.",Мужской,X,,,"Телекоммуникации, медиа и ИТ-технологии",Не выбрано,Указание на пользу,SMS для данных параметров персонализации ОТСУТСТВУЕТ в базе,GigaChat-Max (T=0.87),"Напиши три или четыре предложения суммарной длиной от 160 до 250 знаков с учетом пробелов. Начни SMS с указания на пользу продукта. Используй глагол в побудительном наклонении. Не начинай с вопроса. 
Напиши рекламное SMS для следующего продукта:
«Премиальная СберБизнес Карта Supreme для предпринимателей. Премиальная СберБизнес Карта Supreme предоставляет больше привилегий клиенту по сравнению со стандартной. Количество привилегий зависит от суммы покупок по карте.».
Не изменяй название продукта: «премиальная СберБизнес Карта Supreme».
Преимущества:
«Повышенные лимиты на снятие наличных и переводы на карты без комиссии.

2 прохода в бизнес-залы.

Платёжные документы без комиссии.

Возможность вернуть до 100% бонусами СберБизнес Спасибо от суммы расходов на рестораны в аэропортах, оплату такси и проезда по платным дорогам.

Возможность получить скидку на обслуживание карты в следующем году.».
ОБЯЗАТЕЛЬНО включи в SMS:
1. контроль, управлять, экономия, стратегический, обеспечить.
2. надежность, стабильность, опыт.
3. софт, облачные решения, связь, цифровизация.
Убедись, что написал не меньше трех и не больше четырех предложений суммарной длиной от 160 до 250 знаков с учетом пробелов.
Убедись, что SMS начинается с указания на пользу продукта и использования глагола в побудительном наклонении и не начинается с вопроса.
Убедись, что в SMS без изменений, синонимов и перестановок слов используется наименование продукта: «премиальная СберБизнес Карта Supreme».
Убедись, что в SMS есть следующая ключевая информация: «Возможность вернуть до 100% от суммы расходов на рестораны в аэропортах, такси и платные дороги.».","Напиши три или четыре предложения суммарной длиной от 160 до 250 знаков с учетом пробелов. Начни SMS с указания на пользу продукта. Используй глагол в побудительном наклонении. Не начинай с вопроса. Напиши рекламное SMS для следующего продукта:
«Премиальная СберБизнес Карта Supreme для предпринимателей. Премиальная СберБизнес Карта Supreme предоставляет больше привилегий клиенту по сравнению со стандартной. Количество привилегий зависит от суммы покупок по карте.».
Не изменяй название продукта: «премиальная СберБизнес Карта Supreme».
Преимущества:
«Повышенные лимиты на снятие наличных и переводы на карты без комиссии. 2 прохода в бизнес-залы. Платёжные документы без комиссии. Возможность вернуть до 100% бонусами СберБизнес Спасибо от суммы расходов на рестораны в аэропортах, оплату такси и проезда по платным дорогам. Возможность получить скидку на обслуживание карты в следующем году.».
ОБЯЗАТЕЛЬНО включи в SMS:
1. контроль, управлять, экономия, стратегический, обеспечить.
2. надежность, стабильность, опыт.
3. софт, облачные решения, связь, цифровизация.
Убедись, что написал не меньше трех и не больше четырех предложений суммарной длиной от 160 до 250 знаков с учетом пробелов.
Убедись, что SMS начинается с указания на пользу продукта и использования глагола в побудительном наклонении и не начинается с вопроса.
Убедись, что в SMS без изменений, синонимов и перестановок слов используется наименование продукта: «премиальная СберБизнес Карта Supreme».
Убедись, что в SMS есть следующая ключевая информация: «Возможность вернуть до 100% от суммы расходов на рестораны в аэропортах, такси и платные дороги.».","С премиальной СберБизнес Картой Supreme обеспечьте себе повышенные лимиты на снятие наличных и переводы без комиссии, а также возможность вернуть до 100% бонусов за расходы на рестораны в аэропортах, такси и проезд по платным дорогам.

------
Количество знаков: 234",,
1736928747.5090718,премиальная СберБизнес Карта Supreme,Премиальная СберБизнес Карта Supreme для предпринимателей. Премиальная СберБизнес Карта Supreme предоставляет больше привилегий клиенту по сравнению со стандартной. Количество привилегий зависит от суммы покупок по карте.,премиальная СберБизнес Карта Supreme,"Повышенные лимиты на снятие наличных и переводы на карты без комиссии.

2 прохода в бизнес-залы.

Платёжные документы без комиссии.

Возможность вернуть до 100% бонусами СберБизнес Спасибо от суммы расходов на рестораны в аэропортах, оплату такси и проезда по платным дорогам.

Возможность получить скидку на обслуживание карты в следующем году.","Возможность вернуть до 100% от суммы расходов на рестораны в аэропортах, такси и платные дороги.",Мужской,X,,,Лизинг,Не выбрано,Указание на пользу,SMS для данных параметров персонализации ОТСУТСТВУЕТ в базе,GigaChat-Pro (T=0.87),"Напиши три или четыре предложения суммарной длиной от 160 до 250 знаков с учетом пробелов. Начни SMS с указания на пользу продукта. Используй глагол в побудительном наклонении. Не начинай с вопроса. 
Напиши рекламное SMS для следующего продукта:
«Премиальная СберБизнес Карта Supreme для предпринимателей. Премиальная СберБизнес Карта Supreme предоставляет больше привилегий клиенту по сравнению со стандартной. Количество привилегий зависит от суммы покупок по карте.».
Не изменяй название продукта: «премиальная СберБизнес Карта Supreme».
Преимущества:
«Повышенные лимиты на снятие наличных и переводы на карты без комиссии.

2 прохода в бизнес-залы.

Платёжные документы без комиссии.

Возможность вернуть до 100% бонусами СберБизнес Спасибо от суммы расходов на рестораны в аэропортах, оплату такси и проезда по платным дорогам.

Возможность получить скидку на обслуживание карты в следующем году.».
ОБЯЗАТЕЛЬНО используй в SMS один или несколько терминов, касающиеся клиента, которому направляется SMS, из КАЖДОЙ группы:
1. контроль, управлять, экономия, стратегический, обеспечить.
2. надежность, стабильность, опыт.
3. транспорт, обслуживание, парк.
Убедись, что написал не меньше трех и не больше четырех предложений суммарной длиной от 160 до 250 знаков с учетом пробелов.
Убедись, что SMS начинается с указания на пользу продукта и использования глагола в побудительном наклонении и не начинается с вопроса.
Убедись, что УМЕСТНО использовал КАЖДЫЙ необходимый термин.
Убедись, что в SMS без изменений, синонимов и перестановок слов используется наименование продукта: «премиальная СберБизнес Карта Supreme».
Убедись, что в SMS есть следующая ключевая информация: «Возможность вернуть до 100% от суммы расходов на рестораны в аэропортах, такси и платные дороги.».","Напиши три или четыре предложения суммарной длиной от 160 до 250 знаков с учетом пробелов. Начни SMS с указания на пользу продукта. Используй глагол в побудительном наклонении. Не начинай с вопроса. Напиши рекламное SMS для следующего продукта:
«Премиальная СберБизнес Карта Supreme для предпринимателей. Премиальная СберБизнес Карта Supreme предоставляет больше привилегий клиенту по сравнению со стандартной. Количество привилегий зависит от суммы покупок по карте.».
Не изменяй название продукта: «премиальная СберБизнес Карта Supreme».
Преимущества:
«Повышенные лимиты на снятие наличных и переводы на карты без комиссии. 2 прохода в бизнес-залы. Платёжные документы без комиссии. Возможность вернуть до 100% бонусами СберБизнес Спасибо от суммы расходов на рестораны в аэропортах, оплату такси и проезда по платным дорогам. Возможность получить скидку на обслуживание карты в следующем году.».
ОБЯЗАТЕЛЬНО используй в SMS один или несколько терминов, касающиеся клиента, которому направляется SMS, из КАЖДОЙ группы:
1. контроль, управлять, экономия, стратегический, обеспечить.
2. надежность, стабильность, опыт.
3. транспорт, обслуживание, парк.
Убедись, что написал не меньше трех и не больше четырех предложений суммарной длиной от 160 до 250 знаков с учетом пробелов.
Убедись, что SMS начинается с указания на пользу продукта и использования глагола в побудительном наклонении и не начинается с вопроса.
Убедись, что УМЕСТНО использовал КАЖДЫЙ необходимый термин.
Убедись, что в SMS без изменений, синонимов и перестановок слов используется наименование продукта: «премиальная СберБизнес Карта Supreme».
Убедись, что в SMS есть следующая ключевая информация: «Возможность вернуть до 100% от суммы расходов на рестораны в аэропортах, такси и платные дороги.».","Экономьте с премиальной СберБизнес Картой Supreme! Больше привилегий при управлении финансами вашего бизнеса. Возвращайте до 100% от расходов на рестораны в аэропортах, такси и платные дороги бонусами СберБизнес Спасибо.

------
Количество знаков: 220",,
1736929885.419642,премиальная СберБизнес Карта Supreme,Премиальная СберБизнес Карта Supreme для предпринимателей. Премиальная СберБизнес Карта Supreme предоставляет больше привилегий клиенту по сравнению со стандартной. Количество привилегий зависит от суммы покупок по карте.,премиальная СберБизнес Карта Supreme,"Повышенные лимиты на снятие наличных и переводы на карты без комиссии.

2 прохода в бизнес-залы.

Платёжные документы без комиссии.

Возможность вернуть до 100% бонусами СберБизнес Спасибо от суммы расходов на рестораны в аэропортах, оплату такси и проезда по платным дорогам.

Возможность получить скидку на обслуживание карты в следующем году.","Возможность вернуть до 100% от суммы расходов на рестораны в аэропортах, такси и платные дороги.",Мужской,X,,,Розничная торговля товарами выборочного спроса,Не выбрано,Указание на пользу,SMS для данных параметров персонализации ОТСУТСТВУЕТ в базе,GigaChat-Max (T=0.87),"Напиши три или четыре предложения суммарной длиной от 160 до 250 знаков с учетом пробелов. Начни SMS с указания на пользу продукта. Используй глагол в побудительном наклонении. Не начинай с вопроса. 
Напиши рекламное SMS для следующего продукта:
«Премиальная СберБизнес Карта Supreme для предпринимателей. Премиальная СберБизнес Карта Supreme предоставляет больше привилегий клиенту по сравнению со стандартной. Количество привилегий зависит от суммы покупок по карте.».
Не изменяй название продукта: «премиальная СберБизнес Карта Supreme».
Преимущества:
«Повышенные лимиты на снятие наличных и переводы на карты без комиссии.

2 прохода в бизнес-залы.

Платёжные документы без комиссии.

Возможность вернуть до 100% бонусами СберБизнес Спасибо от суммы расходов на рестораны в аэропортах, оплату такси и проезда по платным дорогам.

Возможность получить скидку на обслуживание карты в следующем году.».
ОБЯЗАТЕЛЬНО включи в SMS:
1. контроль, управлять, экономия, стратегический, обеспечить.
2. надежность, стабильность, опыт.
3. бренд, сезонные скидки, мода, тренд.
Убедись, что написал не меньше трех и не больше четырех предложений суммарной длиной от 160 до 250 знаков с учетом пробелов.
Убедись, что SMS начинается с указания на пользу продукта и использования глагола в побудительном наклонении и не начинается с вопроса.
Убедись, что в SMS без изменений, синонимов и перестановок слов используется наименование продукта: «премиальная СберБизнес Карта Supreme».
Убедись, что в SMS есть следующая ключевая информация: «Возможность вернуть до 100% от суммы расходов на рестораны в аэропортах, такси и платные дороги.».","Напиши три или четыре предложения суммарной длиной от 160 до 250 знаков с учетом пробелов. Начни SMS с указания на пользу продукта. Используй глагол в побудительном наклонении. Не начинай с вопроса. Напиши рекламное SMS для следующего продукта:
«Премиальная СберБизнес Карта Supreme для предпринимателей. Премиальная СберБизнес Карта Supreme предоставляет больше привилегий клиенту по сравнению со стандартной. Количество привилегий зависит от суммы покупок по карте.».
Не изменяй название продукта: «премиальная СберБизнес Карта Supreme».
Преимущества:
«Повышенные лимиты на снятие наличных и переводы на карты без комиссии. 2 прохода в бизнес-залы. Платёжные документы без комиссии. Возможность вернуть до 100% бонусами СберБизнес Спасибо от суммы расходов на рестораны в аэропортах, оплату такси и проезда по платным дорогам. Возможность получить скидку на обслуживание карты в следующем году.».
ОБЯЗАТЕЛЬНО включи в SMS:
1. контроль, управлять, экономия, стратегический, обеспечить.
2. надежность, стабильность, опыт.
3. бренд, сезонные скидки, мода, тренд.
Убедись, что написал не меньше трех и не больше четырех предложений суммарной длиной от 160 до 250 знаков с учетом пробелов.
Убедись, что SMS начинается с указания на пользу продукта и использования глагола в побудительном наклонении и не начинается с вопроса.
Убедись, что в SMS без изменений, синонимов и перестановок слов используется наименование продукта: «премиальная СберБизнес Карта Supreme».
Убедись, что в SMS есть следующая ключевая информация: «Возможность вернуть до 100% от суммы расходов на рестораны в аэропортах, такси и платные дороги.».","Премиальная СберБизнес Карта Supreme обеспечит предпринимателям повышенные лимиты на снятие наличных и переводы без комиссии, а также возможность вернуть до 100% бонусов за расходы на рестораны в аэропортах, такси и платные дороги.

------
Количество знаков: 231",,
1736930459.284433,премиальная СберБизнес Карта Supreme,Премиальная СберБизнес Карта Supreme для предпринимателей. Премиальная СберБизнес Карта Supreme предоставляет больше привилегий клиенту по сравнению со стандартной. Количество привилегий зависит от суммы покупок по карте.,премиальная СберБизнес Карта Supreme,"Повышенные лимиты на снятие наличных и переводы на карты без комиссии.

2 прохода в бизнес-залы.

Платёжные документы без комиссии.

Возможность вернуть до 100% бонусами СберБизнес Спасибо от суммы расходов на рестораны в аэропортах, оплату такси и проезда по платным дорогам.

Возможность получить скидку на обслуживание карты в следующем году.","Возможность вернуть до 100% от суммы расходов на рестораны в аэропортах, такси и платные дороги.",Не выбрано,X,,,Не выбрано,Не выбрано,Указание на пользу,SMS для данных параметров персонализации ОТСУТСТВУЕТ в базе,GigaChat-Pro (T=0.87),"Напиши три или четыре предложения суммарной длиной от 160 до 250 знаков с учетом пробелов. Начни SMS с указания на пользу продукта. Используй глагол в побудительном наклонении. Не начинай с вопроса. 
Напиши рекламное SMS для следующего продукта:
«Премиальная СберБизнес Карта Supreme для предпринимателей. Премиальная СберБизнес Карта Supreme предоставляет больше привилегий клиенту по сравнению со стандартной. Количество привилегий зависит от суммы покупок по карте.».
Не изменяй название продукта: «премиальная СберБизнес Карта Supreme».
Преимущества:
«Повышенные лимиты на снятие наличных и переводы на карты без комиссии.

2 прохода в бизнес-залы.

Платёжные документы без комиссии.

Возможность вернуть до 100% бонусами СберБизнес Спасибо от суммы расходов на рестораны в аэропортах, оплату такси и проезда по платным дорогам.

Возможность получить скидку на обслуживание карты в следующем году.».
ОБЯЗАТЕЛЬНО используй в SMS один или несколько терминов, касающиеся клиента, которому направляется SMS, из КАЖДОЙ группы:
1. надежность, стабильность, опыт.
Убедись, что написал не меньше трех и не больше четырех предложений суммарной длиной от 160 до 250 знаков с учетом пробелов.
Убедись, что SMS начинается с указания на пользу продукта и использования глагола в побудительном наклонении и не начинается с вопроса.
Убедись, что УМЕСТНО использовал КАЖДЫЙ необходимый термин.
Убедись, что в SMS без изменений, синонимов и перестановок слов используется наименование продукта: «премиальная СберБизнес Карта Supreme».
Убедись, что в SMS есть следующая ключевая информация: «Возможность вернуть до 100% от суммы расходов на рестораны в аэропортах, такси и платные дороги.».","Напиши три или четыре предложения суммарной длиной от 160 до 250 знаков с учетом пробелов. Начни SMS с указания на пользу продукта. Используй глагол в побудительном наклонении. Не начинай с вопроса. Напиши рекламное SMS для следующего продукта:
«Премиальная СберБизнес Карта Supreme для предпринимателей. Премиальная СберБизнес Карта Supreme предоставляет больше привилегий клиенту по сравнению со стандартной. Количество привилегий зависит от суммы покупок по карте.».
Не изменяй название продукта: «премиальная СберБизнес Карта Supreme».
Преимущества:
«Повышенные лимиты на снятие наличных и переводы на карты без комиссии. 2 прохода в бизнес-залы. Платёжные документы без комиссии. Возможность вернуть до 100% бонусами СберБизнес Спасибо от суммы расходов на рестораны в аэропортах, оплату такси и проезда по платным дорогам. Возможность получить скидку на обслуживание карты в следующем году.».
ОБЯЗАТЕЛЬНО используй в SMS один или несколько терминов, касающиеся клиента, которому направляется SMS, из КАЖДОЙ группы:
1. надежность, стабильность, опыт.
Убедись, что написал не меньше трех и не больше четырех предложений суммарной длиной от 160 до 250 знаков с учетом пробелов.
Убедись, что SMS начинается с указания на пользу продукта и использования глагола в побудительном наклонении и не начинается с вопроса.
Убедись, что УМЕСТНО использовал КАЖДЫЙ необходимый термин.
Убедись, что в SMS без изменений, синонимов и перестановок слов используется наименование продукта: «премиальная СберБизнес Карта Supreme».
Убедись, что в SMS есть следующая ключевая информация: «Возможность вернуть до 100% от суммы расходов на рестораны в аэропортах, такси и платные дороги.».","Пользуйтесь премиальной СберБизнес Картой Supreme и получайте больше привилегий! Снятие наличных и переводы без комиссии, 2 прохода в бизнес-залы, платёжные документы без комиссии.

------
Количество знаков: 180",,
1736930707.8515215,премиальная СберБизнес Карта Supreme,Премиальная СберБизнес Карта Supreme для предпринимателей. Премиальная СберБизнес Карта Supreme предоставляет больше привилегий клиенту по сравнению со стандартной. Количество привилегий зависит от суммы покупок по карте.,премиальная СберБизнес Карта Supreme,"Повышенные лимиты на снятие наличных и переводы на карты без комиссии.

2 прохода в бизнес-залы.

Платёжные документы без комиссии.

Возможность вернуть до 100% бонусами СберБизнес Спасибо от суммы расходов на рестораны в аэропортах, оплату такси и проезда по платным дорогам.

Возможность получить скидку на обслуживание карты в следующем году.","Возможность вернуть до 100% от суммы расходов на рестораны в аэропортах, такси и платные дороги.",Не выбрано,X,,,Не выбрано,ИП,Указание на пользу,SMS для данных параметров персонализации ОТСУТСТВУЕТ в базе,GigaChat-Pro (T=0.87),"Напиши три или четыре предложения суммарной длиной от 160 до 250 знаков с учетом пробелов. Начни SMS с указания на пользу продукта. Используй глагол в побудительном наклонении. Не начинай с вопроса. 
Напиши рекламное SMS для следующего продукта:
«Премиальная СберБизнес Карта Supreme для предпринимателей. Премиальная СберБизнес Карта Supreme предоставляет больше привилегий клиенту по сравнению со стандартной. Количество привилегий зависит от суммы покупок по карте.».
Не изменяй название продукта: «премиальная СберБизнес Карта Supreme».
Преимущества:
«Повышенные лимиты на снятие наличных и переводы на карты без комиссии.

2 прохода в бизнес-залы.

Платёжные документы без комиссии.

Возможность вернуть до 100% бонусами СберБизнес Спасибо от суммы расходов на рестораны в аэропортах, оплату такси и проезда по платным дорогам.

Возможность получить скидку на обслуживание карты в следующем году.».
ОБЯЗАТЕЛЬНО используй в SMS один или несколько терминов, касающиеся клиента, которому направляется SMS, из КАЖДОЙ группы:
1. надежность, стабильность, опыт.
2. предприниматель, ИП.
Убедись, что написал не меньше трех и не больше четырех предложений суммарной длиной от 160 до 250 знаков с учетом пробелов.
Убедись, что SMS начинается с указания на пользу продукта и использования глагола в побудительном наклонении и не начинается с вопроса.
Убедись, что УМЕСТНО использовал КАЖДЫЙ необходимый термин.
Убедись, что в SMS без изменений, синонимов и перестановок слов используется наименование продукта: «премиальная СберБизнес Карта Supreme».
Убедись, что в SMS есть следующая ключевая информация: «Возможность вернуть до 100% от суммы расходов на рестораны в аэропортах, такси и платные дороги.».","Напиши три или четыре предложения суммарной длиной от 160 до 250 знаков с учетом пробелов. Начни SMS с указания на пользу продукта. Используй глагол в побудительном наклонении. Не начинай с вопроса. Напиши рекламное SMS для следующего продукта:
«Премиальная СберБизнес Карта Supreme для предпринимателей. Премиальная СберБизнес Карта Supreme предоставляет больше привилегий клиенту по сравнению со стандартной. Количество привилегий зависит от суммы покупок по карте.».
Не изменяй название продукта: «премиальная СберБизнес Карта Supreme».
Преимущества:
«Повышенные лимиты на снятие наличных и переводы на карты без комиссии. 2 прохода в бизнес-залы. Платёжные документы без комиссии. Возможность вернуть до 100% бонусами СберБизнес Спасибо от суммы расходов на рестораны в аэропортах, оплату такси и проезда по платным дорогам. Возможность получить скидку на обслуживание карты в следующем году.».
ОБЯЗАТЕЛЬНО используй в SMS один или несколько терминов, касающиеся клиента, которому направляется SMS, из КАЖДОЙ группы:
1. надежность, стабильность, опыт.
2. предприниматель, ИП.
Убедись, что написал не меньше трех и не больше четырех предложений суммарной длиной от 160 до 250 знаков с учетом пробелов.
Убедись, что SMS начинается с указания на пользу продукта и использования глагола в побудительном наклонении и не начинается с вопроса.
Убедись, что УМЕСТНО использовал КАЖДЫЙ необходимый термин.
Убедись, что в SMS без изменений, синонимов и перестановок слов используется наименование продукта: «премиальная СберБизнес Карта Supreme».
Убедись, что в SMS есть следующая ключевая информация: «Возможность вернуть до 100% от суммы расходов на рестораны в аэропортах, такси и платные дороги.».","Пользуйтесь премиальной СберБизнес Картой Supreme и получите больше привилегий! Осуществляйте платежи и снимайте наличные без лишних комиссий. Возвращайте до 100% от расходов на рестораны, такси и проезд по платным дорогам.

------
Количество знаков: 223",,
1736931121.5540571,премиальная СберБизнес Карта Supreme,Премиальная СберБизнес Карта Supreme для предпринимателей. Премиальная СберБизнес Карта Supreme предоставляет больше привилегий клиенту по сравнению со стандартной. Количество привилегий зависит от суммы покупок по карте.,премиальная СберБизнес Карта Supreme,"Повышенные лимиты на снятие наличных и переводы на карты без комиссии.

2 прохода в бизнес-залы.

Платёжные документы без комиссии.

Возможность вернуть до 100% бонусами СберБизнес Спасибо от суммы расходов на рестораны в аэропортах, оплату такси и проезда по платным дорогам.

Возможность получить скидку на обслуживание карты в следующем году.","Возможность вернуть до 100% от суммы расходов на рестораны в аэропортах, такси и платные дороги.",Не выбрано,X,,,Не выбрано,ООО,Указание на пользу,SMS для данных параметров персонализации ОТСУТСТВУЕТ в базе,GigaChat-Pro (T=0.87),"Напиши три или четыре предложения суммарной длиной от 160 до 250 знаков с учетом пробелов. Начни SMS с указания на пользу продукта. Используй глагол в побудительном наклонении. Не начинай с вопроса. 
Напиши рекламное SMS для следующего продукта:
«Премиальная СберБизнес Карта Supreme для предпринимателей. Премиальная СберБизнес Карта Supreme предоставляет больше привилегий клиенту по сравнению со стандартной. Количество привилегий зависит от суммы покупок по карте.».
Не изменяй название продукта: «премиальная СберБизнес Карта Supreme».
Преимущества:
«Повышенные лимиты на снятие наличных и переводы на карты без комиссии.

2 прохода в бизнес-залы.

Платёжные документы без комиссии.

Возможность вернуть до 100% бонусами СберБизнес Спасибо от суммы расходов на рестораны в аэропортах, оплату такси и проезда по платным дорогам.

Возможность получить скидку на обслуживание карты в следующем году.».
ОБЯЗАТЕЛЬНО используй в SMS один или несколько терминов, касающиеся клиента, которому направляется SMS, из КАЖДОЙ группы:
1. надежность, стабильность, опыт.
2. управление, сотрудники, команда, компания, штат, корпоративный.
Убедись, что написал не меньше трех и не больше четырех предложений суммарной длиной от 160 до 250 знаков с учетом пробелов.
Убедись, что SMS начинается с указания на пользу продукта и использования глагола в побудительном наклонении и не начинается с вопроса.
Убедись, что УМЕСТНО использовал КАЖДЫЙ необходимый термин.
Убедись, что в SMS без изменений, синонимов и перестановок слов используется наименование продукта: «премиальная СберБизнес Карта Supreme».
Убедись, что в SMS есть следующая ключевая информация: «Возможность вернуть до 100% от суммы расходов на рестораны в аэропортах, такси и платные дороги.».","Напиши три или четыре предложения суммарной длиной от 160 до 250 знаков с учетом пробелов. Начни SMS с указания на пользу продукта. Используй глагол в побудительном наклонении. Не начинай с вопроса. Напиши рекламное SMS для следующего продукта:
«Премиальная СберБизнес Карта Supreme для предпринимателей. Премиальная СберБизнес Карта Supreme предоставляет больше привилегий клиенту по сравнению со стандартной. Количество привилегий зависит от суммы покупок по карте.».
Не изменяй название продукта: «премиальная СберБизнес Карта Supreme».
Преимущества:
«Повышенные лимиты на снятие наличных и переводы на карты без комиссии. 2 прохода в бизнес-залы. Платёжные документы без комиссии. Возможность вернуть до 100% бонусами СберБизнес Спасибо от суммы расходов на рестораны в аэропортах, оплату такси и проезда по платным дорогам. Возможность получить скидку на обслуживание карты в следующем году.».
ОБЯЗАТЕЛЬНО используй в SMS один или несколько терминов, касающиеся клиента, которому направляется SMS, из КАЖДОЙ группы:
1. надежность, стабильность, опыт.
2. управление, сотрудники, команда, компания, штат, корпоративный.
Убедись, что написал не меньше трех и не больше четырех предложений суммарной длиной от 160 до 250 знаков с учетом пробелов.
Убедись, что SMS начинается с указания на пользу продукта и использования глагола в побудительном наклонении и не начинается с вопроса.
Убедись, что УМЕСТНО использовал КАЖДЫЙ необходимый термин.
Убедись, что в SMS без изменений, синонимов и перестановок слов используется наименование продукта: «премиальная СберБизнес Карта Supreme».
Убедись, что в SMS есть следующая ключевая информация: «Возможность вернуть до 100% от суммы расходов на рестораны в аэропортах, такси и платные дороги.».","Пользуйтесь премиальной СберБизнес Картой Supreme и получите больше возможностей для вашего бизнеса! Совершайте операции без лишних комиссий и получайте возврат до 100% бонусами за расходы на рестораны в аэропортах, такси и проезд по платным дорогам.

------
Количество знаков: 250",,
1736931263.7912648,премиальная СберБизнес Карта Supreme,Премиальная СберБизнес Карта Supreme для предпринимателей. Премиальная СберБизнес Карта Supreme предоставляет больше привилегий клиенту по сравнению со стандартной. Количество привилегий зависит от суммы покупок по карте.,премиальная СберБизнес Карта Supreme,"Повышенные лимиты на снятие наличных и переводы на карты без комиссии.

2 прохода в бизнес-залы.

Платёжные документы без комиссии.

Возможность вернуть до 100% бонусами СберБизнес Спасибо от суммы расходов на рестораны в аэропортах, оплату такси и проезда по платным дорогам.

Возможность получить скидку на обслуживание карты в следующем году.","Возможность вернуть до 100% от суммы расходов на рестораны в аэропортах, такси и платные дороги.",Не выбрано,X,,,Услуги,Не выбрано,Указание на пользу,SMS для данных параметров персонализации ОТСУТСТВУЕТ в базе,GigaChat-Max (T=0.87),"Напиши три или четыре предложения суммарной длиной от 160 до 250 знаков с учетом пробелов. Начни SMS с указания на пользу продукта. Используй глагол в побудительном наклонении. Не начинай с вопроса. 
Напиши рекламное SMS для следующего продукта:
«Премиальная СберБизнес Карта Supreme для предпринимателей. Премиальная СберБизнес Карта Supreme предоставляет больше привилегий клиенту по сравнению со стандартной. Количество привилегий зависит от суммы покупок по карте.».
Не изменяй название продукта: «премиальная СберБизнес Карта Supreme».
Преимущества:
«Повышенные лимиты на снятие наличных и переводы на карты без комиссии.

2 прохода в бизнес-залы.

Платёжные документы без комиссии.

Возможность вернуть до 100% бонусами СберБизнес Спасибо от суммы расходов на рестораны в аэропортах, оплату такси и проезда по платным дорогам.

Возможность получить скидку на обслуживание карты в следующем году.».
ОБЯЗАТЕЛЬНО включи в SMS:
1. надежность, стабильность, опыт.
2. репутация, персонал, рекомендация.
Убедись, что написал не меньше трех и не больше четырех предложений суммарной длиной от 160 до 250 знаков с учетом пробелов.
Убедись, что SMS начинается с указания на пользу продукта и использования глагола в побудительном наклонении и не начинается с вопроса.
Убедись, что в SMS без изменений, синонимов и перестановок слов используется наименование продукта: «премиальная СберБизнес Карта Supreme».
Убедись, что в SMS есть следующая ключевая информация: «Возможность вернуть до 100% от суммы расходов на рестораны в аэропортах, такси и платные дороги.».","Напиши три или четыре предложения суммарной длиной от 160 до 250 знаков с учетом пробелов. Начни SMS с указания на пользу продукта. Используй глагол в побудительном наклонении. Не начинай с вопроса. Напиши рекламное SMS для следующего продукта:
«Премиальная СберБизнес Карта Supreme для предпринимателей. Премиальная СберБизнес Карта Supreme предоставляет больше привилегий клиенту по сравнению со стандартной. Количество привилегий зависит от суммы покупок по карте.».
Не изменяй название продукта: «премиальная СберБизнес Карта Supreme».
Преимущества:
«Повышенные лимиты на снятие наличных и переводы на карты без комиссии. 2 прохода в бизнес-залы. Платёжные документы без комиссии. Возможность вернуть до 100% бонусами СберБизнес Спасибо от суммы расходов на рестораны в аэропортах, оплату такси и проезда по платным дорогам. Возможность получить скидку на обслуживание карты в следующем году.».
ОБЯЗАТЕЛЬНО включи в SMS:
1. надежность, стабильность, опыт.
2. репутация, персонал, рекомендация.
Убедись, что написал не меньше трех и не больше четырех предложений суммарной длиной от 160 до 250 знаков с учетом пробелов.
Убедись, что SMS начинается с указания на пользу продукта и использования глагола в побудительном наклонении и не начинается с вопроса.
Убедись, что в SMS без изменений, синонимов и перестановок слов используется наименование продукта: «премиальная СберБизнес Карта Supreme».
Убедись, что в SMS есть следующая ключевая информация: «Возможность вернуть до 100% от суммы расходов на рестораны в аэропортах, такси и платные дороги.».","Откройте новые возможности с премиальной СберБизнес Картой Supreme! Оцените повышенные лимиты на снятие наличных и переводы без комиссии, а также возможность вернуть до 100% бонусов за расходы на рестораны в аэропортах, такси и платные дороги.

------
Количество знаков: 243",,
